id_feedback,data_feedback,id_cliente,nome_cliente,categoria_produto,produto,nota_satisfacao,nps_score,comentario,sentimento,nome_gerente,setor_time,status_atendimento
FB-001,2026-03-24 09:53:00,CLI-109,Vanessa Ferreira,renda_fixa,Tesouro Selic,1,0,Fui mal orientado sobre a volatilidade do Tesouro Selic. Atendimento muito fraco.,Negativo,Lucas Santos,Private Banking,Em Análise
FB-002,2026-02-07 11:42:00,CLI-114,Bruno Carvalho,renda_fixa,LCI/LCA,5,10,Excelente rendimento e facilidade de resgate no LCI/LCA. Atendimento impecável do gerente.,Positivo,Mariana Silva,Atendimento Investimentos,Resolvido
FB-003,2026-08-19 12:10:00,CLI-118,Thiago Oliveira,renda_fixa,LCI/LCA,4,8,Atendimento rápido e eficiente para tirar dúvidas sobre a liquidez do LCI/LCA.,Positivo,Rafael Oliveira,Private Banking,Resolvido
FB-004,2026-06-04 09:34:00,CLI-109,Vanessa Ferreira,fundo,Fundo de Ações,4,8,Ótima orientação sobre Fundo de Ações com isenção do Imposto de Renda. Recomendo muito!,Positivo,Lucas Santos,Private Banking,Resolvido
FB-005,2026-08-18 09:34:00,CLI-120,Gustavo Teixeira,fundo,Fundo de Ações,5,10,A alocação no Fundo de Ações superou minhas expectativas de dividendos mensais.,Positivo,Fernanda Costa,Atendimento Investimentos,Resolvido
FB-006,2026-01-22 11:59:00,CLI-119,Isabela Duarte,fundo,Fundo de Ações,3,6,"O Fundo de Ações oscila bastante, como esperado, mas a taxa de administração é levemente alta.",Neutro,Lucas Santos,Atendimento Investimentos,Em Análise
FB-007,2026-08-21 13:20:00,CLI-104,Roberto Alves,renda_fixa,Tesouro Selic,3,6,"Fundo Imobiliário está estabilizado, porém senti falta de relatórios de análise mais detalhados.",Neutro,Rafael Oliveira,Mesa de Operações,Pendente
FB-008,2026-03-18 11:20:00,CLI-109,Vanessa Ferreira,fundo,Fundo Imobiliário (FII),1,1,O Fundo Imobiliário (FII) teve uma queda brusca sem aviso prévio ou explicação transparente da equipe.,Negativo,Thiago Souza,Atendimento Investimentos,Em Análise
FB-009,2026-01-08 08:30:00,CLI-118,Thiago Oliveira,fundo,Fundo de Ações,1,2,Péssima experiência no resgate do Fundo de Ações. O sistema apresentou instabilidade e perdi o dia útil.,Negativo,Lucas Santos,Mesa de Operações,Pendente
FB-010,2026-04-21 15:35:00,CLI-107,Patricia Lima,fundo,Fundo Imobiliário (FII),1,1,O Fundo Imobiliário (FII) teve uma queda brusca sem aviso prévio ou explicação transparente da equipe.,Negativo,Beatriz Lima,Mesa de Operações,Em Análise
FB-011,2026-09-09 17:37:00,CLI-105,Camila Rocha,renda_fixa,CDB Liquidez Diária,2,2,Instabilidade no app ao tentar aplicar na CDB Liquidez Diária perto do horário limite.,Negativo,Lucas Santos,Consultoria Financeira,Resolvido
FB-012,2026-08-03 08:17:00,CLI-108,Marcelo Souza,fundo,Fundo de Ações,5,9,O Fundo de Ações está performando muito bem acima do Ibovespa. Parabéns à equipe de gestão.,Positivo,Lucas Santos,Consultoria Financeira,Resolvido
FB-013,2026-07-13 17:39:00,CLI-114,Bruno Carvalho,renda_fixa,LCI/LCA,2,3,O resgate do LCI/LCA demorou mais que o prazo informado no momento do investimento.,Negativo,Beatriz Lima,Atendimento Investimentos,Pendente
FB-014,2026-05-25 18:31:00,CLI-104,Roberto Alves,fundo,Fundo Imobiliário (FII),4,8,Ótima orientação sobre Fundo Imobiliário (FII) com isenção do Imposto de Renda. Recomendo muito!,Positivo,Thiago Souza,Consultoria Financeira,Resolvido
FB-015,2026-05-17 10:42:00,CLI-106,Gabriel Barbosa,fundo,Fundo de Ações,4,8,Ótima orientação sobre Fundo de Ações com isenção do Imposto de Renda. Recomendo muito!,Positivo,Rafael Oliveira,Atendimento Investimentos,Resolvido
FB-016,2026-09-25 16:10:00,CLI-105,Camila Rocha,fundo,Fundo Imobiliário (FII),3,7,"Tive uma dúvida no resgate do Fundo Imobiliário (FII) que demorou um pouco para ser respondida, mas foi resolvida.",Neutro,Fernanda Costa,Private Banking,Resolvido
FB-017,2026-04-02 11:46:00,CLI-104,Roberto Alves,fundo,Fundo Imobiliário (FII),5,10,A alocação no Fundo Imobiliário (FII) superou minhas expectativas de dividendos mensais.,Positivo,Fernanda Costa,Mesa de Operações,Resolvido
FB-018,2026-03-05 18:40:00,CLI-116,Diego Santos,renda_fixa,LCI/LCA,1,0,Fui mal orientado sobre a volatilidade do LCI/LCA. Atendimento muito fraco.,Negativo,Mariana Silva,Consultoria Financeira,Em Análise
FB-019,2026-04-18 11:55:00,CLI-117,Aline Pereira,renda_fixa,CDB Liquidez Diária,3,6,"O CDB Liquidez Diária oscila bastante, como esperado, mas a taxa de administração é levemente alta.",Neutro,Beatriz Lima,Suporte Digital,Em Análise
FB-020,2026-02-08 11:14:00,CLI-115,Fernanda Ribeiro,fundo,Fundo de Ações,3,7,"Tive uma dúvida no resgate do Fundo de Ações que demorou um pouco para ser respondida, mas foi resolvida.",Neutro,Beatriz Lima,Suporte Digital,Resolvido
FB-021,2026-04-01 09:55:00,CLI-118,Thiago Oliveira,renda_fixa,LCI/LCA,5,9,Muito satisfeito com o LCI/LCA! Processo simples e sem complicações no aplicativo.,Positivo,Lucas Santos,Consultoria Financeira,Resolvido
FB-022,2026-09-08 12:52:00,CLI-102,Carlos Eduardo Mendes,renda_fixa,Tesouro Selic,2,4,Taxas abusivas no Tesouro Selic e rendimento abaixo do esperado nos últimos meses.,Negativo,Fernanda Costa,Atendimento Investimentos,Pendente
FB-023,2026-08-08 15:36:00,CLI-105,Camila Rocha,renda_fixa,LCI/LCA,5,10,A carteira de FIIs recomendada pelo meu gerente trouxe uma excelente renda passiva.,Positivo,Thiago Souza,Consultoria Financeira,Resolvido
FB-024,2026-07-15 08:53:00,CLI-114,Bruno Carvalho,renda_fixa,Tesouro Selic,4,8,Ótima orientação sobre Tesouro Selic com isenção do Imposto de Renda. Recomendo muito!,Positivo,Fernanda Costa,Suporte Digital,Resolvido
FB-025,2026-04-07 16:38:00,CLI-111,Larissa Castro,renda_fixa,CDB Liquidez Diária,5,9,O CDB Liquidez Diária está performando muito bem acima do Ibovespa. Parabéns à equipe de gestão.,Positivo,Mariana Silva,Private Banking,Resolvido
FB-026,2026-02-15 16:16:00,CLI-109,Vanessa Ferreira,fundo,Fundo Imobiliário (FII),5,9,Muito satisfeito com o Fundo Imobiliário (FII)! Processo simples e sem complicações no aplicativo.,Positivo,Rafael Oliveira,Private Banking,Resolvido
FB-027,2026-08-16 11:35:00,CLI-108,Marcelo Souza,renda_fixa,Tesouro Selic,5,9,Muito satisfeito com o Tesouro Selic! Processo simples e sem complicações no aplicativo.,Positivo,Lucas Santos,Suporte Digital,Resolvido
FB-028,2026-08-10 14:54:00,CLI-101,Ana Paula Ribeiro,renda_fixa,CDB Liquidez Diária,1,0,Fui mal orientado sobre a volatilidade do CDB Liquidez Diária. Atendimento muito fraco.,Negativo,Rafael Oliveira,Mesa de Operações,Em Análise
FB-029,2026-01-19 16:13:00,CLI-107,Patricia Lima,fundo,Fundo Imobiliário (FII),3,7,"Tive uma dúvida no resgate do Fundo Imobiliário (FII) que demorou um pouco para ser respondida, mas foi resolvida.",Neutro,Fernanda Costa,Private Banking,Resolvido
FB-030,2026-09-06 08:42:00,CLI-119,Isabela Duarte,renda_fixa,Tesouro Selic,5,10,A alocação no Tesouro Selic superou minhas expectativas de dividendos mensais.,Positivo,Rafael Oliveira,Consultoria Financeira,Resolvido
